,global_route_id,itineraries,mode_name,real_time_route_id,route_color,route_long_name,route_network_id,route_network_name,route_short_name,route_text_color,route_type,sorting_key,tts_long_name,tts_short_name,time
0,MLA:114798,"[{'branch_code': '', 'direction_headsign': 'Sunset - Pacific Coast Highway', 'direction_id': 1, 'headsign': 'Sunset - Church', 'merged_headsign': 'Sunset - Church', 'schedule_items': [{'departure_time': 1685687400, 'is_cancelled': False, 'is_real_time': False, 'rt_trip_id': '10602000062330-DEC22', 'scheduled_departure_time': 1685687400, 'trip_search_key': 'MLA:41822404:594:64:2', 'wheelchair_accessible': 0}, {'departure_time': 1685689080, 'is_cancelled': False, 'is_real_time': False, 'rt_trip_id': '10602000062358-DEC22', 'scheduled_departure_time': 1685689080, 'trip_search_key': 'MLA:41822404:594:64:3', 'wheelchair_accessible': 0}, {'departure_time': 1685690880, 'is_cancelled': False, 'is_real_time': False, 'rt_trip_id': '10602000062428-DEC22', 'scheduled_departure_time': 1685690880, 'trip_search_key': 'MLA:41822404:594:65:0', 'wheelchair_accessible': 0}]}]",Bus,602-13167,e16710,Westwood - Pacific Palisades via Sunset Bl,Metro|Los Angeles,Metro,602,ffffff,3,602,Westwood - Pacific Palisades via Sunset Bl,Metro  6 O 2 ,2023-06-01 09:00:12.368547
0,MLA:114798,"[{'branch_code': '', 'direction_headsign': 'Sunset - Pacific Coast Highway', 'direction_id': 1, 'headsign': 'Sunset - Church', 'merged_headsign': 'Sunset - Church', 'schedule_items': [{'departure_time': 1685687400, 'is_cancelled': False, 'is_real_time': False, 'rt_trip_id': '10602000062330-DEC22', 'scheduled_departure_time': 1685687400, 'trip_search_key': 'MLA:41822404:594:64:2', 'wheelchair_accessible': 0}, {'departure_time': 1685689080, 'is_cancelled': False, 'is_real_time': False, 'rt_trip_id': '10602000062358-DEC22', 'scheduled_departure_time': 1685689080, 'trip_search_key': 'MLA:41822404:594:64:3', 'wheelchair_accessible': 0}, {'departure_time': 1685690880, 'is_cancelled': False, 'is_real_time': False, 'rt_trip_id': '10602000062428-DEC22', 'scheduled_departure_time': 1685690880, 'trip_search_key': 'MLA:41822404:594:65:0', 'wheelchair_accessible': 0}]}]",Bus,602-13167,e16710,Westwood - Pacific Palisades via Sunset Bl,Metro|Los Angeles,Metro,602,ffffff,3,602,Westwood - Pacific Palisades via Sunset Bl,Metro  6 O 2 ,2023-06-01 09:10:43.692772
0,MLA:114798,"[{'branch_code': '', 'direction_headsign': 'Sunset - Pacific Coast Highway', 'direction_id': 1, 'headsign': 'Sunset - Church', 'merged_headsign': 'Sunset - Church', 'schedule_items': [{'departure_time': 1685687400, 'is_cancelled': False, 'is_real_time': False, 'rt_trip_id': '10602000062330-DEC22', 'scheduled_departure_time': 1685687400, 'trip_search_key': 'MLA:41822404:594:64:2', 'wheelchair_accessible': 0}, {'departure_time': 1685689080, 'is_cancelled': False, 'is_real_time': False, 'rt_trip_id': '10602000062358-DEC22', 'scheduled_departure_time': 1685689080, 'trip_search_key': 'MLA:41822404:594:64:3', 'wheelchair_accessible': 0}, {'departure_time': 1685690880, 'is_cancelled': False, 'is_real_time': False, 'rt_trip_id': '10602000062428-DEC22', 'scheduled_departure_time': 1685690880, 'trip_search_key': 'MLA:41822404:594:65:0', 'wheelchair_accessible': 0}]}]",Bus,602-13167,e16710,Westwood - Pacific Palisades via Sunset Bl,Metro|Los Angeles,Metro,602,ffffff,3,602,Westwood - Pacific Palisades via Sunset Bl,Metro  6 O 2 ,2023-06-01 09:21:15.096894
0,MLA:114798,"[{'branch_code': '', 'direction_headsign': 'Sunset - Pacific Coast Highway', 'direction_id': 1, 'headsign': 'Sunset - Church', 'merged_headsign': 'Sunset - Church', 'schedule_items': [{'departure_time': 1685687400, 'is_cancelled': False, 'is_real_time': False, 'rt_trip_id': '10602000062330-DEC22', 'scheduled_departure_time': 1685687400, 'trip_search_key': 'MLA:41822404:594:64:2', 'wheelchair_accessible': 0}, {'departure_time': 1685689080, 'is_cancelled': False, 'is_real_time': False, 'rt_trip_id': '10602000062358-DEC22', 'scheduled_departure_time': 1685689080, 'trip_search_key': 'MLA:41822404:594:64:3', 'wheelchair_accessible': 0}, {'departure_time': 1685690880, 'is_cancelled': False, 'is_real_time': False, 'rt_trip_id': '10602000062428-DEC22', 'scheduled_departure_time': 1685690880, 'trip_search_key': 'MLA:41822404:594:65:0', 'wheelchair_accessible': 0}]}]",Bus,602-13167,e16710,Westwood - Pacific Palisades via Sunset Bl,Metro|Los Angeles,Metro,602,ffffff,3,602,Westwood - Pacific Palisades via Sunset Bl,Metro  6 O 2 ,2023-06-01 09:31:46.524919
0,MLA:114798,"[{'branch_code': '', 'direction_headsign': 'Sunset - Pacific Coast Highway', 'direction_id': 1, 'headsign': 'Sunset - Church', 'merged_headsign': 'Sunset - Church', 'schedule_items': [{'departure_time': 1685687400, 'is_cancelled': False, 'is_real_time': False, 'rt_trip_id': '10602000062330-DEC22', 'scheduled_departure_time': 1685687400, 'trip_search_key': 'MLA:41822404:594:64:2', 'wheelchair_accessible': 0}, {'departure_time': 1685689080, 'is_cancelled': False, 'is_real_time': False, 'rt_trip_id': '10602000062358-DEC22', 'scheduled_departure_time': 1685689080, 'trip_search_key': 'MLA:41822404:594:64:3', 'wheelchair_accessible': 0}, {'departure_time': 1685690880, 'is_cancelled': False, 'is_real_time': False, 'rt_trip_id': '10602000062428-DEC22', 'scheduled_departure_time': 1685690880, 'trip_search_key': 'MLA:41822404:594:65:0', 'wheelchair_accessible': 0}]}]",Bus,602-13167,e16710,Westwood - Pacific Palisades via Sunset Bl,Metro|Los Angeles,Metro,602,ffffff,3,602,Westwood - Pacific Palisades via Sunset Bl,Metro  6 O 2 ,2023-06-01 09:42:17.899356
0,MLA:114798,"[{'branch_code': '', 'direction_headsign': 'Sunset - Pacific Coast Highway', 'direction_id': 1, 'headsign': 'Sunset - Church', 'merged_headsign': 'Sunset - Church', 'schedule_items': [{'departure_time': 1685687400, 'is_cancelled': False, 'is_real_time': False, 'rt_trip_id': '10602000062330-DEC22', 'scheduled_departure_time': 1685687400, 'trip_search_key': 'MLA:41822404:594:64:2', 'wheelchair_accessible': 0}, {'departure_time': 1685689080, 'is_cancelled': False, 'is_real_time': False, 'rt_trip_id': '10602000062358-DEC22', 'scheduled_departure_time': 1685689080, 'trip_search_key': 'MLA:41822404:594:64:3', 'wheelchair_accessible': 0}, {'departure_time': 1685690880, 'is_cancelled': False, 'is_real_time': False, 'rt_trip_id': '10602000062428-DEC22', 'scheduled_departure_time': 1685690880, 'trip_search_key': 'MLA:41822404:594:65:0', 'wheelchair_accessible': 0}]}]",Bus,602-13167,e16710,Westwood - Pacific Palisades via Sunset Bl,Metro|Los Angeles,Metro,602,ffffff,3,602,Westwood - Pacific Palisades via Sunset Bl,Metro  6 O 2 ,2023-06-01 09:52:49.354133
0,MLA:114798,"[{'branch_code': '', 'direction_headsign': 'Sunset - Pacific Coast Highway', 'direction_id': 1, 'headsign': 'Sunset - Church', 'merged_headsign': 'Sunset - Church', 'schedule_items': [{'departure_time': 1685687400, 'is_cancelled': False, 'is_real_time': False, 'rt_trip_id': '10602000062330-DEC22', 'scheduled_departure_time': 1685687400, 'trip_search_key': 'MLA:41822404:594:64:2', 'wheelchair_accessible': 0}, {'departure_time': 1685689080, 'is_cancelled': False, 'is_real_time': False, 'rt_trip_id': '10602000062358-DEC22', 'scheduled_departure_time': 1685689080, 'trip_search_key': 'MLA:41822404:594:64:3', 'wheelchair_accessible': 0}, {'departure_time': 1685690880, 'is_cancelled': False, 'is_real_time': False, 'rt_trip_id': '10602000062428-DEC22', 'scheduled_departure_time': 1685690880, 'trip_search_key': 'MLA:41822404:594:65:0', 'wheelchair_accessible': 0}]}]",Bus,602-13167,e16710,Westwood - Pacific Palisades via Sunset Bl,Metro|Los Angeles,Metro,602,ffffff,3,602,Westwood - Pacific Palisades via Sunset Bl,Metro  6 O 2 ,2023-06-01 10:03:20.822414
0,MLA:114798,"[{'branch_code': '', 'direction_headsign': 'Sunset - Pacific Coast Highway', 'direction_id': 1, 'headsign': 'Sunset - Church', 'merged_headsign': 'Sunset - Church', 'schedule_items': [{'departure_time': 1685687400, 'is_cancelled': False, 'is_real_time': False, 'rt_trip_id': '10602000062330-DEC22', 'scheduled_departure_time': 1685687400, 'trip_search_key': 'MLA:41822404:594:64:2', 'wheelchair_accessible': 0}, {'departure_time': 1685689080, 'is_cancelled': False, 'is_real_time': False, 'rt_trip_id': '10602000062358-DEC22', 'scheduled_departure_time': 1685689080, 'trip_search_key': 'MLA:41822404:594:64:3', 'wheelchair_accessible': 0}, {'departure_time': 1685690880, 'is_cancelled': False, 'is_real_time': False, 'rt_trip_id': '10602000062428-DEC22', 'scheduled_departure_time': 1685690880, 'trip_search_key': 'MLA:41822404:594:65:0', 'wheelchair_accessible': 0}]}]",Bus,602-13167,e16710,Westwood - Pacific Palisades via Sunset Bl,Metro|Los Angeles,Metro,602,ffffff,3,602,Westwood - Pacific Palisades via Sunset Bl,Metro  6 O 2 ,2023-06-01 10:13:52.273078
0,MLA:114798,"[{'branch_code': '', 'direction_headsign': 'Sunset - Pacific Coast Highway', 'direction_id': 1, 'headsign': 'Sunset - Church', 'merged_headsign': 'Sunset - Church', 'schedule_items': [{'departure_time': 1685687400, 'is_cancelled': False, 'is_real_time': False, 'rt_trip_id': '10602000062330-DEC22', 'scheduled_departure_time': 1685687400, 'trip_search_key': 'MLA:41822404:594:64:2', 'wheelchair_accessible': 0}, {'departure_time': 1685689080, 'is_cancelled': False, 'is_real_time': False, 'rt_trip_id': '10602000062358-DEC22', 'scheduled_departure_time': 1685689080, 'trip_search_key': 'MLA:41822404:594:64:3', 'wheelchair_accessible': 0}, {'departure_time': 1685690880, 'is_cancelled': False, 'is_real_time': False, 'rt_trip_id': '10602000062428-DEC22', 'scheduled_departure_time': 1685690880, 'trip_search_key': 'MLA:41822404:594:65:0', 'wheelchair_accessible': 0}]}]",Bus,602-13167,e16710,Westwood - Pacific Palisades via Sunset Bl,Metro|Los Angeles,Metro,602,ffffff,3,602,Westwood - Pacific Palisades via Sunset Bl,Metro  6 O 2 ,2023-06-01 10:24:23.681014
0,MLA:114798,"[{'branch_code': '', 'direction_headsign': 'Sunset - Pacific Coast Highway', 'direction_id': 1, 'headsign': 'Sunset - Church', 'merged_headsign': 'Sunset - Church', 'schedule_items': [{'departure_time': 1685687400, 'is_cancelled': False, 'is_real_time': False, 'rt_trip_id': '10602000062330-DEC22', 'scheduled_departure_time': 1685687400, 'trip_search_key': 'MLA:41822404:594:64:2', 'wheelchair_accessible': 0}, {'departure_time': 1685689080, 'is_cancelled': False, 'is_real_time': False, 'rt_trip_id': '10602000062358-DEC22', 'scheduled_departure_time': 1685689080, 'trip_search_key': 'MLA:41822404:594:64:3', 'wheelchair_accessible': 0}, {'departure_time': 1685690880, 'is_cancelled': False, 'is_real_time': False, 'rt_trip_id': '10602000062428-DEC22', 'scheduled_departure_time': 1685690880, 'trip_search_key': 'MLA:41822404:594:65:0', 'wheelchair_accessible': 0}]}]",Bus,602-13167,e16710,Westwood - Pacific Palisades via Sunset Bl,Metro|Los Angeles,Metro,602,ffffff,3,602,Westwood - Pacific Palisades via Sunset Bl,Metro  6 O 2 ,2023-06-01 10:34:55.073462
0,MLA:114798,"[{'branch_code': '', 'direction_headsign': 'Sunset - Pacific Coast Highway', 'direction_id': 1, 'headsign': 'Sunset - Church', 'merged_headsign': 'Sunset - Church', 'schedule_items': [{'departure_time': 1685687400, 'is_cancelled': False, 'is_real_time': False, 'rt_trip_id': '10602000062330-DEC22', 'scheduled_departure_time': 1685687400, 'trip_search_key': 'MLA:41822404:594:64:2', 'wheelchair_accessible': 0}, {'departure_time': 1685689080, 'is_cancelled': False, 'is_real_time': False, 'rt_trip_id': '10602000062358-DEC22', 'scheduled_departure_time': 1685689080, 'trip_search_key': 'MLA:41822404:594:64:3', 'wheelchair_accessible': 0}, {'departure_time': 1685690880, 'is_cancelled': False, 'is_real_time': False, 'rt_trip_id': '10602000062428-DEC22', 'scheduled_departure_time': 1685690880, 'trip_search_key': 'MLA:41822404:594:65:0', 'wheelchair_accessible': 0}]}]",Bus,602-13167,e16710,Westwood - Pacific Palisades via Sunset Bl,Metro|Los Angeles,Metro,602,ffffff,3,602,Westwood - Pacific Palisades via Sunset Bl,Metro  6 O 2 ,2023-06-01 10:45:26.458298
0,MLA:114798,"[{'branch_code': '', 'direction_headsign': 'Sunset - Pacific Coast Highway', 'direction_id': 1, 'headsign': 'Sunset - Church', 'merged_headsign': 'Sunset - Church', 'schedule_items': [{'departure_time': 1685687400, 'is_cancelled': False, 'is_real_time': False, 'rt_trip_id': '10602000062330-DEC22', 'scheduled_departure_time': 1685687400, 'trip_search_key': 'MLA:41822404:594:64:2', 'wheelchair_accessible': 0}, {'departure_time': 1685689080, 'is_cancelled': False, 'is_real_time': False, 'rt_trip_id': '10602000062358-DEC22', 'scheduled_departure_time': 1685689080, 'trip_search_key': 'MLA:41822404:594:64:3', 'wheelchair_accessible': 0}, {'departure_time': 1685690880, 'is_cancelled': False, 'is_real_time': False, 'rt_trip_id': '10602000062428-DEC22', 'scheduled_departure_time': 1685690880, 'trip_search_key': 'MLA:41822404:594:65:0', 'wheelchair_accessible': 0}]}]",Bus,602-13167,e16710,Westwood - Pacific Palisades via Sunset Bl,Metro|Los Angeles,Metro,602,ffffff,3,602,Westwood - Pacific Palisades via Sunset Bl,Metro  6 O 2 ,2023-06-01 10:55:57.910581
0,MLA:114798,"[{'branch_code': '', 'direction_headsign': 'Sunset - Pacific Coast Highway', 'direction_id': 1, 'headsign': 'Sunset - Church', 'merged_headsign': 'Sunset - Church', 'schedule_items': [{'departure_time': 1685687400, 'is_cancelled': False, 'is_real_time': False, 'rt_trip_id': '10602000062330-DEC22', 'scheduled_departure_time': 1685687400, 'trip_search_key': 'MLA:41822404:594:64:2', 'wheelchair_accessible': 0}, {'departure_time': 1685689080, 'is_cancelled': False, 'is_real_time': False, 'rt_trip_id': '10602000062358-DEC22', 'scheduled_departure_time': 1685689080, 'trip_search_key': 'MLA:41822404:594:64:3', 'wheelchair_accessible': 0}, {'departure_time': 1685690880, 'is_cancelled': False, 'is_real_time': False, 'rt_trip_id': '10602000062428-DEC22', 'scheduled_departure_time': 1685690880, 'trip_search_key': 'MLA:41822404:594:65:0', 'wheelchair_accessible': 0}]}]",Bus,602-13167,e16710,Westwood - Pacific Palisades via Sunset Bl,Metro|Los Angeles,Metro,602,ffffff,3,602,Westwood - Pacific Palisades via Sunset Bl,Metro  6 O 2 ,2023-06-01 11:06:29.401368
0,MLA:114798,"[{'branch_code': '', 'direction_headsign': 'Sunset - Pacific Coast Highway', 'direction_id': 1, 'headsign': 'Sunset - Church', 'merged_headsign': 'Sunset - Church', 'schedule_items': [{'departure_time': 1685687400, 'is_cancelled': False, 'is_real_time': False, 'rt_trip_id': '10602000062330-DEC22', 'scheduled_departure_time': 1685687400, 'trip_search_key': 'MLA:41822404:594:64:2', 'wheelchair_accessible': 0}, {'departure_time': 1685689080, 'is_cancelled': False, 'is_real_time': False, 'rt_trip_id': '10602000062358-DEC22', 'scheduled_departure_time': 1685689080, 'trip_search_key': 'MLA:41822404:594:64:3', 'wheelchair_accessible': 0}, {'departure_time': 1685690880, 'is_cancelled': False, 'is_real_time': False, 'rt_trip_id': '10602000062428-DEC22', 'scheduled_departure_time': 1685690880, 'trip_search_key': 'MLA:41822404:594:65:0', 'wheelchair_accessible': 0}]}]",Bus,602-13167,e16710,Westwood - Pacific Palisades via Sunset Bl,Metro|Los Angeles,Metro,602,ffffff,3,602,Westwood - Pacific Palisades via Sunset Bl,Metro  6 O 2 ,2023-06-01 11:17:00.895129
0,MLA:114798,"[{'branch_code': '', 'direction_headsign': 'Sunset - Pacific Coast Highway', 'direction_id': 1, 'headsign': 'Sunset - Church', 'merged_headsign': 'Sunset - Church', 'schedule_items': [{'departure_time': 1685687400, 'is_cancelled': False, 'is_real_time': False, 'rt_trip_id': '10602000062330-DEC22', 'scheduled_departure_time': 1685687400, 'trip_search_key': 'MLA:41822404:594:64:2', 'wheelchair_accessible': 0}, {'departure_time': 1685689080, 'is_cancelled': False, 'is_real_time': False, 'rt_trip_id': '10602000062358-DEC22', 'scheduled_departure_time': 1685689080, 'trip_search_key': 'MLA:41822404:594:64:3', 'wheelchair_accessible': 0}, {'departure_time': 1685690880, 'is_cancelled': False, 'is_real_time': False, 'rt_trip_id': '10602000062428-DEC22', 'scheduled_departure_time': 1685690880, 'trip_search_key': 'MLA:41822404:594:65:0', 'wheelchair_accessible': 0}]}]",Bus,602-13167,e16710,Westwood - Pacific Palisades via Sunset Bl,Metro|Los Angeles,Metro,602,ffffff,3,602,Westwood - Pacific Palisades via Sunset Bl,Metro  6 O 2 ,2023-06-01 11:27:32.381461
0,MLA:114798,"[{'branch_code': '', 'direction_headsign': 'Sunset - Pacific Coast Highway', 'direction_id': 1, 'headsign': 'Sunset - Church', 'merged_headsign': 'Sunset - Church', 'schedule_items': [{'departure_time': 1685687400, 'is_cancelled': False, 'is_real_time': False, 'rt_trip_id': '10602000062330-DEC22', 'scheduled_departure_time': 1685687400, 'trip_search_key': 'MLA:41822404:594:64:2', 'wheelchair_accessible': 0}, {'departure_time': 1685689080, 'is_cancelled': False, 'is_real_time': False, 'rt_trip_id': '10602000062358-DEC22', 'scheduled_departure_time': 1685689080, 'trip_search_key': 'MLA:41822404:594:64:3', 'wheelchair_accessible': 0}, {'departure_time': 1685690880, 'is_cancelled': False, 'is_real_time': False, 'rt_trip_id': '10602000062428-DEC22', 'scheduled_departure_time': 1685690880, 'trip_search_key': 'MLA:41822404:594:65:0', 'wheelchair_accessible': 0}]}]",Bus,602-13167,e16710,Westwood - Pacific Palisades via Sunset Bl,Metro|Los Angeles,Metro,602,ffffff,3,602,Westwood - Pacific Palisades via Sunset Bl,Metro  6 O 2 ,2023-06-01 11:38:03.888562
0,MLA:114798,"[{'branch_code': '', 'direction_headsign': 'Sunset - Pacific Coast Highway', 'direction_id': 1, 'headsign': 'Sunset - Church', 'merged_headsign': 'Sunset - Church', 'schedule_items': [{'departure_time': 1685687400, 'is_cancelled': False, 'is_real_time': False, 'rt_trip_id': '10602000062330-DEC22', 'scheduled_departure_time': 1685687400, 'trip_search_key': 'MLA:41822404:594:64:2', 'wheelchair_accessible': 0}, {'departure_time': 1685689080, 'is_cancelled': False, 'is_real_time': False, 'rt_trip_id': '10602000062358-DEC22', 'scheduled_departure_time': 1685689080, 'trip_search_key': 'MLA:41822404:594:64:3', 'wheelchair_accessible': 0}, {'departure_time': 1685690880, 'is_cancelled': False, 'is_real_time': False, 'rt_trip_id': '10602000062428-DEC22', 'scheduled_departure_time': 1685690880, 'trip_search_key': 'MLA:41822404:594:65:0', 'wheelchair_accessible': 0}]}]",Bus,602-13167,e16710,Westwood - Pacific Palisades via Sunset Bl,Metro|Los Angeles,Metro,602,ffffff,3,602,Westwood - Pacific Palisades via Sunset Bl,Metro  6 O 2 ,2023-06-01 11:48:35.475800
0,MLA:114798,"[{'branch_code': '', 'direction_headsign': 'Sunset - Pacific Coast Highway', 'direction_id': 1, 'headsign': 'Sunset - Church', 'merged_headsign': 'Sunset - Church', 'schedule_items': [{'departure_time': 1685687400, 'is_cancelled': False, 'is_real_time': False, 'rt_trip_id': '10602000062330-DEC22', 'scheduled_departure_time': 1685687400, 'trip_search_key': 'MLA:41822404:594:64:2', 'wheelchair_accessible': 0}, {'departure_time': 1685689080, 'is_cancelled': False, 'is_real_time': False, 'rt_trip_id': '10602000062358-DEC22', 'scheduled_departure_time': 1685689080, 'trip_search_key': 'MLA:41822404:594:64:3', 'wheelchair_accessible': 0}, {'departure_time': 1685690880, 'is_cancelled': False, 'is_real_time': False, 'rt_trip_id': '10602000062428-DEC22', 'scheduled_departure_time': 1685690880, 'trip_search_key': 'MLA:41822404:594:65:0', 'wheelchair_accessible': 0}]}]",Bus,602-13167,e16710,Westwood - Pacific Palisades via Sunset Bl,Metro|Los Angeles,Metro,602,ffffff,3,602,Westwood - Pacific Palisades via Sunset Bl,Metro  6 O 2 ,2023-06-01 11:59:07.042031
0,MLA:114798,"[{'branch_code': '', 'direction_headsign': 'Sunset - Pacific Coast Highway', 'direction_id': 1, 'headsign': 'Sunset - Church', 'merged_headsign': 'Sunset - Church', 'schedule_items': [{'departure_time': 1685687400, 'is_cancelled': False, 'is_real_time': False, 'rt_trip_id': '10602000062330-DEC22', 'scheduled_departure_time': 1685687400, 'trip_search_key': 'MLA:41822404:594:64:2', 'wheelchair_accessible': 0}, {'departure_time': 1685689080, 'is_cancelled': False, 'is_real_time': False, 'rt_trip_id': '10602000062358-DEC22', 'scheduled_departure_time': 1685689080, 'trip_search_key': 'MLA:41822404:594:64:3', 'wheelchair_accessible': 0}, {'departure_time': 1685690880, 'is_cancelled': False, 'is_real_time': False, 'rt_trip_id': '10602000062428-DEC22', 'scheduled_departure_time': 1685690880, 'trip_search_key': 'MLA:41822404:594:65:0', 'wheelchair_accessible': 0}]}]",Bus,602-13167,e16710,Westwood - Pacific Palisades via Sunset Bl,Metro|Los Angeles,Metro,602,ffffff,3,602,Westwood - Pacific Palisades via Sunset Bl,Metro  6 O 2 ,2023-06-01 12:09:38.507637
0,MLA:114798,"[{'branch_code': '', 'direction_headsign': 'Sunset - Pacific Coast Highway', 'direction_id': 1, 'headsign': 'Sunset - Church', 'merged_headsign': 'Sunset - Church', 'schedule_items': [{'departure_time': 1685687400, 'is_cancelled': False, 'is_real_time': False, 'rt_trip_id': '10602000062330-DEC22', 'scheduled_departure_time': 1685687400, 'trip_search_key': 'MLA:41822404:594:64:2', 'wheelchair_accessible': 0}, {'departure_time': 1685689080, 'is_cancelled': False, 'is_real_time': False, 'rt_trip_id': '10602000062358-DEC22', 'scheduled_departure_time': 1685689080, 'trip_search_key': 'MLA:41822404:594:64:3', 'wheelchair_accessible': 0}, {'departure_time': 1685690880, 'is_cancelled': False, 'is_real_time': False, 'rt_trip_id': '10602000062428-DEC22', 'scheduled_departure_time': 1685690880, 'trip_search_key': 'MLA:41822404:594:65:0', 'wheelchair_accessible': 0}]}]",Bus,602-13167,e16710,Westwood - Pacific Palisades via Sunset Bl,Metro|Los Angeles,Metro,602,ffffff,3,602,Westwood - Pacific Palisades via Sunset Bl,Metro  6 O 2 ,2023-06-01 12:20:09.853071
0,MLA:114798,"[{'branch_code': '', 'direction_headsign': 'Sunset - Pacific Coast Highway', 'direction_id': 1, 'headsign': 'Sunset - Church', 'merged_headsign': 'Sunset - Church', 'schedule_items': [{'departure_time': 1685687400, 'is_cancelled': False, 'is_real_time': False, 'rt_trip_id': '10602000062330-DEC22', 'scheduled_departure_time': 1685687400, 'trip_search_key': 'MLA:41822404:594:64:2', 'wheelchair_accessible': 0}, {'departure_time': 1685689080, 'is_cancelled': False, 'is_real_time': False, 'rt_trip_id': '10602000062358-DEC22', 'scheduled_departure_time': 1685689080, 'trip_search_key': 'MLA:41822404:594:64:3', 'wheelchair_accessible': 0}, {'departure_time': 1685690880, 'is_cancelled': False, 'is_real_time': False, 'rt_trip_id': '10602000062428-DEC22', 'scheduled_departure_time': 1685690880, 'trip_search_key': 'MLA:41822404:594:65:0', 'wheelchair_accessible': 0}]}]",Bus,602-13167,e16710,Westwood - Pacific Palisades via Sunset Bl,Metro|Los Angeles,Metro,602,ffffff,3,602,Westwood - Pacific Palisades via Sunset Bl,Metro  6 O 2 ,2023-06-01 12:30:41.250962
0,MLA:114798,"[{'branch_code': '', 'direction_headsign': 'Sunset - Pacific Coast Highway', 'direction_id': 1, 'headsign': 'Sunset - Church', 'merged_headsign': 'Sunset - Church', 'schedule_items': [{'departure_time': 1685687400, 'is_cancelled': False, 'is_real_time': False, 'rt_trip_id': '10602000062330-DEC22', 'scheduled_departure_time': 1685687400, 'trip_search_key': 'MLA:41822404:594:64:2', 'wheelchair_accessible': 0}, {'departure_time': 1685689080, 'is_cancelled': False, 'is_real_time': False, 'rt_trip_id': '10602000062358-DEC22', 'scheduled_departure_time': 1685689080, 'trip_search_key': 'MLA:41822404:594:64:3', 'wheelchair_accessible': 0}, {'departure_time': 1685690880, 'is_cancelled': False, 'is_real_time': False, 'rt_trip_id': '10602000062428-DEC22', 'scheduled_departure_time': 1685690880, 'trip_search_key': 'MLA:41822404:594:65:0', 'wheelchair_accessible': 0}]}]",Bus,602-13167,e16710,Westwood - Pacific Palisades via Sunset Bl,Metro|Los Angeles,Metro,602,ffffff,3,602,Westwood - Pacific Palisades via Sunset Bl,Metro  6 O 2 ,2023-06-01 12:41:12.668995
0,MLA:114798,"[{'branch_code': '', 'direction_headsign': 'Sunset - Pacific Coast Highway', 'direction_id': 1, 'headsign': 'Sunset - Church', 'merged_headsign': 'Sunset - Church', 'schedule_items': [{'departure_time': 1685687400, 'is_cancelled': False, 'is_real_time': False, 'rt_trip_id': '10602000062330-DEC22', 'scheduled_departure_time': 1685687400, 'trip_search_key': 'MLA:41822404:594:64:2', 'wheelchair_accessible': 0}, {'departure_time': 1685689080, 'is_cancelled': False, 'is_real_time': False, 'rt_trip_id': '10602000062358-DEC22', 'scheduled_departure_time': 1685689080, 'trip_search_key': 'MLA:41822404:594:64:3', 'wheelchair_accessible': 0}, {'departure_time': 1685690880, 'is_cancelled': False, 'is_real_time': False, 'rt_trip_id': '10602000062428-DEC22', 'scheduled_departure_time': 1685690880, 'trip_search_key': 'MLA:41822404:594:65:0', 'wheelchair_accessible': 0}]}]",Bus,602-13167,e16710,Westwood - Pacific Palisades via Sunset Bl,Metro|Los Angeles,Metro,602,ffffff,3,602,Westwood - Pacific Palisades via Sunset Bl,Metro  6 O 2 ,2023-06-01 12:51:44.151215
0,MLA:114798,"[{'branch_code': '', 'direction_headsign': 'Sunset - Pacific Coast Highway', 'direction_id': 1, 'headsign': 'Sunset - Church', 'merged_headsign': 'Sunset - Church', 'schedule_items': [{'departure_time': 1685687400, 'is_cancelled': False, 'is_real_time': False, 'rt_trip_id': '10602000062330-DEC22', 'scheduled_departure_time': 1685687400, 'trip_search_key': 'MLA:41822404:594:64:2', 'wheelchair_accessible': 0}, {'departure_time': 1685689080, 'is_cancelled': False, 'is_real_time': False, 'rt_trip_id': '10602000062358-DEC22', 'scheduled_departure_time': 1685689080, 'trip_search_key': 'MLA:41822404:594:64:3', 'wheelchair_accessible': 0}, {'departure_time': 1685690880, 'is_cancelled': False, 'is_real_time': False, 'rt_trip_id': '10602000062428-DEC22', 'scheduled_departure_time': 1685690880, 'trip_search_key': 'MLA:41822404:594:65:0', 'wheelchair_accessible': 0}]}]",Bus,602-13167,e16710,Westwood - Pacific Palisades via Sunset Bl,Metro|Los Angeles,Metro,602,ffffff,3,602,Westwood - Pacific Palisades via Sunset Bl,Metro  6 O 2 ,2023-06-01 13:02:15.779749
0,MLA:114798,"[{'branch_code': '', 'direction_headsign': 'Sunset - Pacific Coast Highway', 'direction_id': 1, 'headsign': 'Sunset - Church', 'merged_headsign': 'Sunset - Church', 'schedule_items': [{'departure_time': 1685687400, 'is_cancelled': False, 'is_real_time': False, 'rt_trip_id': '10602000062330-DEC22', 'scheduled_departure_time': 1685687400, 'trip_search_key': 'MLA:41822404:594:64:2', 'wheelchair_accessible': 0}, {'departure_time': 1685689080, 'is_cancelled': False, 'is_real_time': False, 'rt_trip_id': '10602000062358-DEC22', 'scheduled_departure_time': 1685689080, 'trip_search_key': 'MLA:41822404:594:64:3', 'wheelchair_accessible': 0}, {'departure_time': 1685690880, 'is_cancelled': False, 'is_real_time': False, 'rt_trip_id': '10602000062428-DEC22', 'scheduled_departure_time': 1685690880, 'trip_search_key': 'MLA:41822404:594:65:0', 'wheelchair_accessible': 0}]}]",Bus,602-13167,e16710,Westwood - Pacific Palisades via Sunset Bl,Metro|Los Angeles,Metro,602,ffffff,3,602,Westwood - Pacific Palisades via Sunset Bl,Metro  6 O 2 ,2023-06-01 13:12:47.279762
0,MLA:114798,"[{'branch_code': '', 'direction_headsign': 'Sunset - Pacific Coast Highway', 'direction_id': 1, 'headsign': 'Sunset - Church', 'merged_headsign': 'Sunset - Church', 'schedule_items': [{'departure_time': 1685687400, 'is_cancelled': False, 'is_real_time': False, 'rt_trip_id': '10602000062330-DEC22', 'scheduled_departure_time': 1685687400, 'trip_search_key': 'MLA:41822404:594:64:2', 'wheelchair_accessible': 0}, {'departure_time': 1685689080, 'is_cancelled': False, 'is_real_time': False, 'rt_trip_id': '10602000062358-DEC22', 'scheduled_departure_time': 1685689080, 'trip_search_key': 'MLA:41822404:594:64:3', 'wheelchair_accessible': 0}, {'departure_time': 1685690880, 'is_cancelled': False, 'is_real_time': False, 'rt_trip_id': '10602000062428-DEC22', 'scheduled_departure_time': 1685690880, 'trip_search_key': 'MLA:41822404:594:65:0', 'wheelchair_accessible': 0}]}]",Bus,602-13167,e16710,Westwood - Pacific Palisades via Sunset Bl,Metro|Los Angeles,Metro,602,ffffff,3,602,Westwood - Pacific Palisades via Sunset Bl,Metro  6 O 2 ,2023-06-01 13:23:18.973047
0,MLA:114798,"[{'branch_code': '', 'direction_headsign': 'Sunset - Pacific Coast Highway', 'direction_id': 1, 'headsign': 'Sunset - Church', 'merged_headsign': 'Sunset - Church', 'schedule_items': [{'departure_time': 1685687400, 'is_cancelled': False, 'is_real_time': False, 'rt_trip_id': '10602000062330-DEC22', 'scheduled_departure_time': 1685687400, 'trip_search_key': 'MLA:41822404:594:64:2', 'wheelchair_accessible': 0}, {'departure_time': 1685689080, 'is_cancelled': False, 'is_real_time': False, 'rt_trip_id': '10602000062358-DEC22', 'scheduled_departure_time': 1685689080, 'trip_search_key': 'MLA:41822404:594:64:3', 'wheelchair_accessible': 0}, {'departure_time': 1685690880, 'is_cancelled': False, 'is_real_time': False, 'rt_trip_id': '10602000062428-DEC22', 'scheduled_departure_time': 1685690880, 'trip_search_key': 'MLA:41822404:594:65:0', 'wheelchair_accessible': 0}]}]",Bus,602-13167,e16710,Westwood - Pacific Palisades via Sunset Bl,Metro|Los Angeles,Metro,602,ffffff,3,602,Westwood - Pacific Palisades via Sunset Bl,Metro  6 O 2 ,2023-06-01 13:33:50.641097
0,MLA:114798,"[{'branch_code': '', 'direction_headsign': 'Sunset - Pacific Coast Highway', 'direction_id': 1, 'headsign': 'Sunset - Church', 'merged_headsign': 'Sunset - Church', 'schedule_items': [{'departure_time': 1685687400, 'is_cancelled': False, 'is_real_time': False, 'rt_trip_id': '10602000062330-DEC22', 'scheduled_departure_time': 1685687400, 'trip_search_key': 'MLA:41822404:594:64:2', 'wheelchair_accessible': 0}, {'departure_time': 1685689080, 'is_cancelled': False, 'is_real_time': False, 'rt_trip_id': '10602000062358-DEC22', 'scheduled_departure_time': 1685689080, 'trip_search_key': 'MLA:41822404:594:64:3', 'wheelchair_accessible': 0}, {'departure_time': 1685690880, 'is_cancelled': False, 'is_real_time': False, 'rt_trip_id': '10602000062428-DEC22', 'scheduled_departure_time': 1685690880, 'trip_search_key': 'MLA:41822404:594:65:0', 'wheelchair_accessible': 0}]}]",Bus,602-13167,e16710,Westwood - Pacific Palisades via Sunset Bl,Metro|Los Angeles,Metro,602,ffffff,3,602,Westwood - Pacific Palisades via Sunset Bl,Metro  6 O 2 ,2023-06-01 13:44:22.172659
0,MLA:114798,"[{'branch_code': '', 'direction_headsign': 'Sunset - Pacific Coast Highway', 'direction_id': 1, 'headsign': 'Sunset - Church', 'merged_headsign': 'Sunset - Church', 'schedule_items': [{'departure_time': 1685687400, 'is_cancelled': False, 'is_real_time': False, 'rt_trip_id': '10602000062330-DEC22', 'scheduled_departure_time': 1685687400, 'trip_search_key': 'MLA:41822404:594:64:2', 'wheelchair_accessible': 0}, {'departure_time': 1685689080, 'is_cancelled': False, 'is_real_time': False, 'rt_trip_id': '10602000062358-DEC22', 'scheduled_departure_time': 1685689080, 'trip_search_key': 'MLA:41822404:594:64:3', 'wheelchair_accessible': 0}, {'departure_time': 1685690880, 'is_cancelled': False, 'is_real_time': False, 'rt_trip_id': '10602000062428-DEC22', 'scheduled_departure_time': 1685690880, 'trip_search_key': 'MLA:41822404:594:65:0', 'wheelchair_accessible': 0}]}]",Bus,602-13167,e16710,Westwood - Pacific Palisades via Sunset Bl,Metro|Los Angeles,Metro,602,ffffff,3,602,Westwood - Pacific Palisades via Sunset Bl,Metro  6 O 2 ,2023-06-01 13:54:53.868274
0,MLA:114798,"[{'branch_code': '', 'direction_headsign': 'Sunset - Pacific Coast Highway', 'direction_id': 1, 'headsign': 'Sunset - Church', 'merged_headsign': 'Sunset - Church', 'schedule_items': [{'departure_time': 1685687400, 'is_cancelled': False, 'is_real_time': False, 'rt_trip_id': '10602000062330-DEC22', 'scheduled_departure_time': 1685687400, 'trip_search_key': 'MLA:41822404:594:64:2', 'wheelchair_accessible': 0}, {'departure_time': 1685689080, 'is_cancelled': False, 'is_real_time': False, 'rt_trip_id': '10602000062358-DEC22', 'scheduled_departure_time': 1685689080, 'trip_search_key': 'MLA:41822404:594:64:3', 'wheelchair_accessible': 0}, {'departure_time': 1685690880, 'is_cancelled': False, 'is_real_time': False, 'rt_trip_id': '10602000062428-DEC22', 'scheduled_departure_time': 1685690880, 'trip_search_key': 'MLA:41822404:594:65:0', 'wheelchair_accessible': 0}]}]",Bus,602-13167,e16710,Westwood - Pacific Palisades via Sunset Bl,Metro|Los Angeles,Metro,602,ffffff,3,602,Westwood - Pacific Palisades via Sunset Bl,Metro  6 O 2 ,2023-06-01 14:05:25.411765
0,MLA:114798,"[{'branch_code': '', 'direction_headsign': 'Sunset - Pacific Coast Highway', 'direction_id': 1, 'headsign': 'Sunset - Church', 'merged_headsign': 'Sunset - Church', 'schedule_items': [{'departure_time': 1685687400, 'is_cancelled': False, 'is_real_time': False, 'rt_trip_id': '10602000062330-DEC22', 'scheduled_departure_time': 1685687400, 'trip_search_key': 'MLA:41822404:594:64:2', 'wheelchair_accessible': 0}, {'departure_time': 1685689080, 'is_cancelled': False, 'is_real_time': False, 'rt_trip_id': '10602000062358-DEC22', 'scheduled_departure_time': 1685689080, 'trip_search_key': 'MLA:41822404:594:64:3', 'wheelchair_accessible': 0}, {'departure_time': 1685690880, 'is_cancelled': False, 'is_real_time': False, 'rt_trip_id': '10602000062428-DEC22', 'scheduled_departure_time': 1685690880, 'trip_search_key': 'MLA:41822404:594:65:0', 'wheelchair_accessible': 0}]}]",Bus,602-13167,e16710,Westwood - Pacific Palisades via Sunset Bl,Metro|Los Angeles,Metro,602,ffffff,3,602,Westwood - Pacific Palisades via Sunset Bl,Metro  6 O 2 ,2023-06-01 14:15:56.980733
0,MLA:114798,"[{'branch_code': '', 'direction_headsign': 'Sunset - Pacific Coast Highway', 'direction_id': 1, 'headsign': 'Sunset - Church', 'merged_headsign': 'Sunset - Church', 'schedule_items': [{'departure_time': 1685687400, 'is_cancelled': False, 'is_real_time': False, 'rt_trip_id': '10602000062330-DEC22', 'scheduled_departure_time': 1685687400, 'trip_search_key': 'MLA:41822404:594:64:2', 'wheelchair_accessible': 0}, {'departure_time': 1685689080, 'is_cancelled': False, 'is_real_time': False, 'rt_trip_id': '10602000062358-DEC22', 'scheduled_departure_time': 1685689080, 'trip_search_key': 'MLA:41822404:594:64:3', 'wheelchair_accessible': 0}, {'departure_time': 1685690880, 'is_cancelled': False, 'is_real_time': False, 'rt_trip_id': '10602000062428-DEC22', 'scheduled_departure_time': 1685690880, 'trip_search_key': 'MLA:41822404:594:65:0', 'wheelchair_accessible': 0}]}]",Bus,602-13167,e16710,Westwood - Pacific Palisades via Sunset Bl,Metro|Los Angeles,Metro,602,ffffff,3,602,Westwood - Pacific Palisades via Sunset Bl,Metro  6 O 2 ,2023-06-01 14:26:28.628750
0,MLA:114798,"[{'branch_code': '', 'direction_headsign': 'Sunset - Pacific Coast Highway', 'direction_id': 1, 'headsign': 'Sunset - Church', 'merged_headsign': 'Sunset - Church', 'schedule_items': [{'departure_time': 1685687400, 'is_cancelled': False, 'is_real_time': False, 'rt_trip_id': '10602000062330-DEC22', 'scheduled_departure_time': 1685687400, 'trip_search_key': 'MLA:41822404:594:64:2', 'wheelchair_accessible': 0}, {'departure_time': 1685689080, 'is_cancelled': False, 'is_real_time': False, 'rt_trip_id': '10602000062358-DEC22', 'scheduled_departure_time': 1685689080, 'trip_search_key': 'MLA:41822404:594:64:3', 'wheelchair_accessible': 0}, {'departure_time': 1685690880, 'is_cancelled': False, 'is_real_time': False, 'rt_trip_id': '10602000062428-DEC22', 'scheduled_departure_time': 1685690880, 'trip_search_key': 'MLA:41822404:594:65:0', 'wheelchair_accessible': 0}]}]",Bus,602-13167,e16710,Westwood - Pacific Palisades via Sunset Bl,Metro|Los Angeles,Metro,602,ffffff,3,602,Westwood - Pacific Palisades via Sunset Bl,Metro  6 O 2 ,2023-06-01 14:37:00.267427
0,MLA:114798,"[{'branch_code': '', 'direction_headsign': 'Sunset - Pacific Coast Highway', 'direction_id': 1, 'headsign': 'Sunset - Church', 'merged_headsign': 'Sunset - Church', 'schedule_items': [{'departure_time': 1685687400, 'is_cancelled': False, 'is_real_time': False, 'rt_trip_id': '10602000062330-DEC22', 'scheduled_departure_time': 1685687400, 'trip_search_key': 'MLA:41822404:594:64:2', 'wheelchair_accessible': 0}, {'departure_time': 1685689080, 'is_cancelled': False, 'is_real_time': False, 'rt_trip_id': '10602000062358-DEC22', 'scheduled_departure_time': 1685689080, 'trip_search_key': 'MLA:41822404:594:64:3', 'wheelchair_accessible': 0}, {'departure_time': 1685690880, 'is_cancelled': False, 'is_real_time': False, 'rt_trip_id': '10602000062428-DEC22', 'scheduled_departure_time': 1685690880, 'trip_search_key': 'MLA:41822404:594:65:0', 'wheelchair_accessible': 0}]}]",Bus,602-13167,e16710,Westwood - Pacific Palisades via Sunset Bl,Metro|Los Angeles,Metro,602,ffffff,3,602,Westwood - Pacific Palisades via Sunset Bl,Metro  6 O 2 ,2023-06-01 14:47:31.918189
0,MLA:114798,"[{'branch_code': '', 'direction_headsign': 'Sunset - Pacific Coast Highway', 'direction_id': 1, 'headsign': 'Sunset - Church', 'merged_headsign': 'Sunset - Church', 'schedule_items': [{'departure_time': 1685687400, 'is_cancelled': False, 'is_real_time': False, 'rt_trip_id': '10602000062330-DEC22', 'scheduled_departure_time': 1685687400, 'trip_search_key': 'MLA:41822404:594:64:2', 'wheelchair_accessible': 0}, {'departure_time': 1685689080, 'is_cancelled': False, 'is_real_time': False, 'rt_trip_id': '10602000062358-DEC22', 'scheduled_departure_time': 1685689080, 'trip_search_key': 'MLA:41822404:594:64:3', 'wheelchair_accessible': 0}, {'departure_time': 1685690880, 'is_cancelled': False, 'is_real_time': False, 'rt_trip_id': '10602000062428-DEC22', 'scheduled_departure_time': 1685690880, 'trip_search_key': 'MLA:41822404:594:65:0', 'wheelchair_accessible': 0}]}]",Bus,602-13167,e16710,Westwood - Pacific Palisades via Sunset Bl,Metro|Los Angeles,Metro,602,ffffff,3,602,Westwood - Pacific Palisades via Sunset Bl,Metro  6 O 2 ,2023-06-01 14:58:03.456509
0,MLA:114798,"[{'branch_code': '', 'direction_headsign': 'Sunset - Pacific Coast Highway', 'direction_id': 1, 'headsign': 'Sunset - Church', 'merged_headsign': 'Sunset - Church', 'schedule_items': [{'departure_time': 1685687400, 'is_cancelled': False, 'is_real_time': False, 'rt_trip_id': '10602000062330-DEC22', 'scheduled_departure_time': 1685687400, 'trip_search_key': 'MLA:41822404:594:64:2', 'wheelchair_accessible': 0}, {'departure_time': 1685689080, 'is_cancelled': False, 'is_real_time': False, 'rt_trip_id': '10602000062358-DEC22', 'scheduled_departure_time': 1685689080, 'trip_search_key': 'MLA:41822404:594:64:3', 'wheelchair_accessible': 0}, {'departure_time': 1685690880, 'is_cancelled': False, 'is_real_time': False, 'rt_trip_id': '10602000062428-DEC22', 'scheduled_departure_time': 1685690880, 'trip_search_key': 'MLA:41822404:594:65:0', 'wheelchair_accessible': 0}]}]",Bus,602-13167,e16710,Westwood - Pacific Palisades via Sunset Bl,Metro|Los Angeles,Metro,602,ffffff,3,602,Westwood - Pacific Palisades via Sunset Bl,Metro  6 O 2 ,2023-06-01 15:08:35.207415
0,MLA:114798,"[{'branch_code': '', 'direction_headsign': 'Sunset - Pacific Coast Highway', 'direction_id': 1, 'headsign': 'Sunset - Church', 'merged_headsign': 'Sunset - Church', 'schedule_items': [{'departure_time': 1685687400, 'is_cancelled': False, 'is_real_time': False, 'rt_trip_id': '10602000062330-DEC22', 'scheduled_departure_time': 1685687400, 'trip_search_key': 'MLA:41822404:594:64:2', 'wheelchair_accessible': 0}, {'departure_time': 1685689080, 'is_cancelled': False, 'is_real_time': False, 'rt_trip_id': '10602000062358-DEC22', 'scheduled_departure_time': 1685689080, 'trip_search_key': 'MLA:41822404:594:64:3', 'wheelchair_accessible': 0}, {'departure_time': 1685690880, 'is_cancelled': False, 'is_real_time': False, 'rt_trip_id': '10602000062428-DEC22', 'scheduled_departure_time': 1685690880, 'trip_search_key': 'MLA:41822404:594:65:0', 'wheelchair_accessible': 0}]}]",Bus,602-13167,e16710,Westwood - Pacific Palisades via Sunset Bl,Metro|Los Angeles,Metro,602,ffffff,3,602,Westwood - Pacific Palisades via Sunset Bl,Metro  6 O 2 ,2023-06-01 15:19:07.729196
0,MLA:114798,"[{'branch_code': '', 'direction_headsign': 'Sunset - Pacific Coast Highway', 'direction_id': 1, 'headsign': 'Sunset - Church', 'merged_headsign': 'Sunset - Church', 'schedule_items': [{'departure_time': 1685687400, 'is_cancelled': False, 'is_real_time': False, 'rt_trip_id': '10602000062330-DEC22', 'scheduled_departure_time': 1685687400, 'trip_search_key': 'MLA:41822404:594:64:2', 'wheelchair_accessible': 0}, {'departure_time': 1685689080, 'is_cancelled': False, 'is_real_time': False, 'rt_trip_id': '10602000062358-DEC22', 'scheduled_departure_time': 1685689080, 'trip_search_key': 'MLA:41822404:594:64:3', 'wheelchair_accessible': 0}, {'departure_time': 1685690880, 'is_cancelled': False, 'is_real_time': False, 'rt_trip_id': '10602000062428-DEC22', 'scheduled_departure_time': 1685690880, 'trip_search_key': 'MLA:41822404:594:65:0', 'wheelchair_accessible': 0}]}]",Bus,602-13167,e16710,Westwood - Pacific Palisades via Sunset Bl,Metro|Los Angeles,Metro,602,ffffff,3,602,Westwood - Pacific Palisades via Sunset Bl,Metro  6 O 2 ,2023-06-01 15:29:39.388021
0,MLA:114798,"[{'branch_code': '', 'direction_headsign': 'Sunset - Pacific Coast Highway', 'direction_id': 1, 'headsign': 'Sunset - Church', 'merged_headsign': 'Sunset - Church', 'schedule_items': [{'departure_time': 1685687400, 'is_cancelled': False, 'is_real_time': False, 'rt_trip_id': '10602000062330-DEC22', 'scheduled_departure_time': 1685687400, 'trip_search_key': 'MLA:41822404:594:64:2', 'wheelchair_accessible': 0}, {'departure_time': 1685689080, 'is_cancelled': False, 'is_real_time': False, 'rt_trip_id': '10602000062358-DEC22', 'scheduled_departure_time': 1685689080, 'trip_search_key': 'MLA:41822404:594:64:3', 'wheelchair_accessible': 0}, {'departure_time': 1685690880, 'is_cancelled': False, 'is_real_time': False, 'rt_trip_id': '10602000062428-DEC22', 'scheduled_departure_time': 1685690880, 'trip_search_key': 'MLA:41822404:594:65:0', 'wheelchair_accessible': 0}]}]",Bus,602-13167,e16710,Westwood - Pacific Palisades via Sunset Bl,Metro|Los Angeles,Metro,602,ffffff,3,602,Westwood - Pacific Palisades via Sunset Bl,Metro  6 O 2 ,2023-06-01 15:40:11.004484
0,MLA:114798,"[{'branch_code': '', 'direction_headsign': 'Sunset - Pacific Coast Highway', 'direction_id': 1, 'headsign': 'Sunset - Church', 'merged_headsign': 'Sunset - Church', 'schedule_items': [{'departure_time': 1685687400, 'is_cancelled': False, 'is_real_time': False, 'rt_trip_id': '10602000062330-DEC22', 'scheduled_departure_time': 1685687400, 'trip_search_key': 'MLA:41822404:594:64:2', 'wheelchair_accessible': 0}, {'departure_time': 1685689080, 'is_cancelled': False, 'is_real_time': False, 'rt_trip_id': '10602000062358-DEC22', 'scheduled_departure_time': 1685689080, 'trip_search_key': 'MLA:41822404:594:64:3', 'wheelchair_accessible': 0}, {'departure_time': 1685690880, 'is_cancelled': False, 'is_real_time': False, 'rt_trip_id': '10602000062428-DEC22', 'scheduled_departure_time': 1685690880, 'trip_search_key': 'MLA:41822404:594:65:0', 'wheelchair_accessible': 0}]}]",Bus,602-13167,e16710,Westwood - Pacific Palisades via Sunset Bl,Metro|Los Angeles,Metro,602,ffffff,3,602,Westwood - Pacific Palisades via Sunset Bl,Metro  6 O 2 ,2023-06-01 15:50:42.662046
0,MLA:114798,"[{'branch_code': '', 'direction_headsign': 'Sunset - Pacific Coast Highway', 'direction_id': 1, 'headsign': 'Sunset - Church', 'merged_headsign': 'Sunset - Church', 'schedule_items': [{'departure_time': 1685687400, 'is_cancelled': False, 'is_real_time': False, 'rt_trip_id': '10602000062330-DEC22', 'scheduled_departure_time': 1685687400, 'trip_search_key': 'MLA:41822404:594:64:2', 'wheelchair_accessible': 0}, {'departure_time': 1685689080, 'is_cancelled': False, 'is_real_time': False, 'rt_trip_id': '10602000062358-DEC22', 'scheduled_departure_time': 1685689080, 'trip_search_key': 'MLA:41822404:594:64:3', 'wheelchair_accessible': 0}, {'departure_time': 1685690880, 'is_cancelled': False, 'is_real_time': False, 'rt_trip_id': '10602000062428-DEC22', 'scheduled_departure_time': 1685690880, 'trip_search_key': 'MLA:41822404:594:65:0', 'wheelchair_accessible': 0}]}]",Bus,602-13167,e16710,Westwood - Pacific Palisades via Sunset Bl,Metro|Los Angeles,Metro,602,ffffff,3,602,Westwood - Pacific Palisades via Sunset Bl,Metro  6 O 2 ,2023-06-01 16:01:14.315579
0,MLA:114798,"[{'branch_code': '', 'direction_headsign': 'Sunset - Pacific Coast Highway', 'direction_id': 1, 'headsign': 'Sunset - Church', 'merged_headsign': 'Sunset - Church', 'schedule_items': [{'departure_time': 1685687400, 'is_cancelled': False, 'is_real_time': False, 'rt_trip_id': '10602000062330-DEC22', 'scheduled_departure_time': 1685687400, 'trip_search_key': 'MLA:41822404:594:64:2', 'wheelchair_accessible': 0}, {'departure_time': 1685689080, 'is_cancelled': False, 'is_real_time': False, 'rt_trip_id': '10602000062358-DEC22', 'scheduled_departure_time': 1685689080, 'trip_search_key': 'MLA:41822404:594:64:3', 'wheelchair_accessible': 0}, {'departure_time': 1685690880, 'is_cancelled': False, 'is_real_time': False, 'rt_trip_id': '10602000062428-DEC22', 'scheduled_departure_time': 1685690880, 'trip_search_key': 'MLA:41822404:594:65:0', 'wheelchair_accessible': 0}]}]",Bus,602-13167,e16710,Westwood - Pacific Palisades via Sunset Bl,Metro|Los Angeles,Metro,602,ffffff,3,602,Westwood - Pacific Palisades via Sunset Bl,Metro  6 O 2 ,2023-06-01 16:11:46.009276
0,MLA:114798,"[{'branch_code': '', 'direction_headsign': 'Sunset - Pacific Coast Highway', 'direction_id': 1, 'headsign': 'Sunset - Church', 'merged_headsign': 'Sunset - Church', 'schedule_items': [{'departure_time': 1685687400, 'is_cancelled': False, 'is_real_time': False, 'rt_trip_id': '10602000062330-DEC22', 'scheduled_departure_time': 1685687400, 'trip_search_key': 'MLA:41822404:594:64:2', 'wheelchair_accessible': 0}, {'departure_time': 1685689080, 'is_cancelled': False, 'is_real_time': False, 'rt_trip_id': '10602000062358-DEC22', 'scheduled_departure_time': 1685689080, 'trip_search_key': 'MLA:41822404:594:64:3', 'wheelchair_accessible': 0}, {'departure_time': 1685690880, 'is_cancelled': False, 'is_real_time': False, 'rt_trip_id': '10602000062428-DEC22', 'scheduled_departure_time': 1685690880, 'trip_search_key': 'MLA:41822404:594:65:0', 'wheelchair_accessible': 0}]}]",Bus,602-13167,e16710,Westwood - Pacific Palisades via Sunset Bl,Metro|Los Angeles,Metro,602,ffffff,3,602,Westwood - Pacific Palisades via Sunset Bl,Metro  6 O 2 ,2023-06-01 16:22:17.705618
0,MLA:114798,"[{'branch_code': '', 'direction_headsign': 'Sunset - Pacific Coast Highway', 'direction_id': 1, 'headsign': 'Sunset - Church', 'merged_headsign': 'Sunset - Church', 'schedule_items': [{'departure_time': 1685687400, 'is_cancelled': False, 'is_real_time': False, 'rt_trip_id': '10602000062330-DEC22', 'scheduled_departure_time': 1685687400, 'trip_search_key': 'MLA:41822404:594:64:2', 'wheelchair_accessible': 0}, {'departure_time': 1685689080, 'is_cancelled': False, 'is_real_time': False, 'rt_trip_id': '10602000062358-DEC22', 'scheduled_departure_time': 1685689080, 'trip_search_key': 'MLA:41822404:594:64:3', 'wheelchair_accessible': 0}, {'departure_time': 1685690880, 'is_cancelled': False, 'is_real_time': False, 'rt_trip_id': '10602000062428-DEC22', 'scheduled_departure_time': 1685690880, 'trip_search_key': 'MLA:41822404:594:65:0', 'wheelchair_accessible': 0}]}]",Bus,602-13167,e16710,Westwood - Pacific Palisades via Sunset Bl,Metro|Los Angeles,Metro,602,ffffff,3,602,Westwood - Pacific Palisades via Sunset Bl,Metro  6 O 2 ,2023-06-01 16:32:49.442050
0,MLA:114798,"[{'branch_code': '', 'direction_headsign': 'Sunset - Pacific Coast Highway', 'direction_id': 1, 'headsign': 'Sunset - Church', 'merged_headsign': 'Sunset - Church', 'schedule_items': [{'departure_time': 1685687400, 'is_cancelled': False, 'is_real_time': False, 'rt_trip_id': '10602000062330-DEC22', 'scheduled_departure_time': 1685687400, 'trip_search_key': 'MLA:41822404:594:64:2', 'wheelchair_accessible': 0}, {'departure_time': 1685689080, 'is_cancelled': False, 'is_real_time': False, 'rt_trip_id': '10602000062358-DEC22', 'scheduled_departure_time': 1685689080, 'trip_search_key': 'MLA:41822404:594:64:3', 'wheelchair_accessible': 0}, {'departure_time': 1685690880, 'is_cancelled': False, 'is_real_time': False, 'rt_trip_id': '10602000062428-DEC22', 'scheduled_departure_time': 1685690880, 'trip_search_key': 'MLA:41822404:594:65:0', 'wheelchair_accessible': 0}]}]",Bus,602-13167,e16710,Westwood - Pacific Palisades via Sunset Bl,Metro|Los Angeles,Metro,602,ffffff,3,602,Westwood - Pacific Palisades via Sunset Bl,Metro  6 O 2 ,2023-06-01 16:43:21.670709
0,MLA:114798,"[{'branch_code': '', 'direction_headsign': 'Sunset - Pacific Coast Highway', 'direction_id': 1, 'headsign': 'Sunset - Church', 'merged_headsign': 'Sunset - Church', 'schedule_items': [{'departure_time': 1685687400, 'is_cancelled': False, 'is_real_time': False, 'rt_trip_id': '10602000062330-DEC22', 'scheduled_departure_time': 1685687400, 'trip_search_key': 'MLA:41822404:594:64:2', 'wheelchair_accessible': 0}, {'departure_time': 1685689080, 'is_cancelled': False, 'is_real_time': False, 'rt_trip_id': '10602000062358-DEC22', 'scheduled_departure_time': 1685689080, 'trip_search_key': 'MLA:41822404:594:64:3', 'wheelchair_accessible': 0}, {'departure_time': 1685690880, 'is_cancelled': False, 'is_real_time': False, 'rt_trip_id': '10602000062428-DEC22', 'scheduled_departure_time': 1685690880, 'trip_search_key': 'MLA:41822404:594:65:0', 'wheelchair_accessible': 0}]}]",Bus,602-13167,e16710,Westwood - Pacific Palisades via Sunset Bl,Metro|Los Angeles,Metro,602,ffffff,3,602,Westwood - Pacific Palisades via Sunset Bl,Metro  6 O 2 ,2023-06-01 16:53:53.410018
0,MLA:114798,"[{'branch_code': '', 'direction_headsign': 'Sunset - Pacific Coast Highway', 'direction_id': 1, 'headsign': 'Sunset - Church', 'merged_headsign': 'Sunset - Church', 'schedule_items': [{'departure_time': 1685687400, 'is_cancelled': False, 'is_real_time': False, 'rt_trip_id': '10602000062330-DEC22', 'scheduled_departure_time': 1685687400, 'trip_search_key': 'MLA:41822404:594:64:2', 'wheelchair_accessible': 0}, {'departure_time': 1685689080, 'is_cancelled': False, 'is_real_time': False, 'rt_trip_id': '10602000062358-DEC22', 'scheduled_departure_time': 1685689080, 'trip_search_key': 'MLA:41822404:594:64:3', 'wheelchair_accessible': 0}, {'departure_time': 1685690880, 'is_cancelled': False, 'is_real_time': False, 'rt_trip_id': '10602000062428-DEC22', 'scheduled_departure_time': 1685690880, 'trip_search_key': 'MLA:41822404:594:65:0', 'wheelchair_accessible': 0}]}]",Bus,602-13167,e16710,Westwood - Pacific Palisades via Sunset Bl,Metro|Los Angeles,Metro,602,ffffff,3,602,Westwood - Pacific Palisades via Sunset Bl,Metro  6 O 2 ,2023-06-01 17:04:25.040953
0,MLA:114798,"[{'branch_code': '', 'direction_headsign': 'Sunset - Pacific Coast Highway', 'direction_id': 1, 'headsign': 'Sunset - Church', 'merged_headsign': 'Sunset - Church', 'schedule_items': [{'departure_time': 1685687400, 'is_cancelled': False, 'is_real_time': False, 'rt_trip_id': '10602000062330-DEC22', 'scheduled_departure_time': 1685687400, 'trip_search_key': 'MLA:41822404:594:64:2', 'wheelchair_accessible': 0}, {'departure_time': 1685689080, 'is_cancelled': False, 'is_real_time': False, 'rt_trip_id': '10602000062358-DEC22', 'scheduled_departure_time': 1685689080, 'trip_search_key': 'MLA:41822404:594:64:3', 'wheelchair_accessible': 0}, {'departure_time': 1685690880, 'is_cancelled': False, 'is_real_time': False, 'rt_trip_id': '10602000062428-DEC22', 'scheduled_departure_time': 1685690880, 'trip_search_key': 'MLA:41822404:594:65:0', 'wheelchair_accessible': 0}]}]",Bus,602-13167,e16710,Westwood - Pacific Palisades via Sunset Bl,Metro|Los Angeles,Metro,602,ffffff,3,602,Westwood - Pacific Palisades via Sunset Bl,Metro  6 O 2 ,2023-06-01 17:14:56.679604
0,MLA:114798,"[{'branch_code': '', 'direction_headsign': 'Sunset - Pacific Coast Highway', 'direction_id': 1, 'headsign': 'Sunset - Church', 'merged_headsign': 'Sunset - Church', 'schedule_items': [{'departure_time': 1685687400, 'is_cancelled': False, 'is_real_time': False, 'rt_trip_id': '10602000062330-DEC22', 'scheduled_departure_time': 1685687400, 'trip_search_key': 'MLA:41822404:594:64:2', 'wheelchair_accessible': 0}, {'departure_time': 1685689080, 'is_cancelled': False, 'is_real_time': False, 'rt_trip_id': '10602000062358-DEC22', 'scheduled_departure_time': 1685689080, 'trip_search_key': 'MLA:41822404:594:64:3', 'wheelchair_accessible': 0}, {'departure_time': 1685690880, 'is_cancelled': False, 'is_real_time': False, 'rt_trip_id': '10602000062428-DEC22', 'scheduled_departure_time': 1685690880, 'trip_search_key': 'MLA:41822404:594:65:0', 'wheelchair_accessible': 0}]}]",Bus,602-13167,e16710,Westwood - Pacific Palisades via Sunset Bl,Metro|Los Angeles,Metro,602,ffffff,3,602,Westwood - Pacific Palisades via Sunset Bl,Metro  6 O 2 ,2023-06-01 17:25:28.376679
0,MLA:114798,"[{'branch_code': '', 'direction_headsign': 'Sunset - Pacific Coast Highway', 'direction_id': 1, 'headsign': 'Sunset - Church', 'merged_headsign': 'Sunset - Church', 'schedule_items': [{'departure_time': 1685687400, 'is_cancelled': False, 'is_real_time': False, 'rt_trip_id': '10602000062330-DEC22', 'scheduled_departure_time': 1685687400, 'trip_search_key': 'MLA:41822404:594:64:2', 'wheelchair_accessible': 0}, {'departure_time': 1685689080, 'is_cancelled': False, 'is_real_time': False, 'rt_trip_id': '10602000062358-DEC22', 'scheduled_departure_time': 1685689080, 'trip_search_key': 'MLA:41822404:594:64:3', 'wheelchair_accessible': 0}, {'departure_time': 1685690880, 'is_cancelled': False, 'is_real_time': False, 'rt_trip_id': '10602000062428-DEC22', 'scheduled_departure_time': 1685690880, 'trip_search_key': 'MLA:41822404:594:65:0', 'wheelchair_accessible': 0}]}]",Bus,602-13167,e16710,Westwood - Pacific Palisades via Sunset Bl,Metro|Los Angeles,Metro,602,ffffff,3,602,Westwood - Pacific Palisades via Sunset Bl,Metro  6 O 2 ,2023-06-01 17:36:00.113576
0,MLA:114798,"[{'branch_code': '', 'direction_headsign': 'Sunset - Pacific Coast Highway', 'direction_id': 1, 'headsign': 'Sunset - Church', 'merged_headsign': 'Sunset - Church', 'schedule_items': [{'departure_time': 1685687400, 'is_cancelled': False, 'is_real_time': False, 'rt_trip_id': '10602000062330-DEC22', 'scheduled_departure_time': 1685687400, 'trip_search_key': 'MLA:41822404:594:64:2', 'wheelchair_accessible': 0}, {'departure_time': 1685689080, 'is_cancelled': False, 'is_real_time': False, 'rt_trip_id': '10602000062358-DEC22', 'scheduled_departure_time': 1685689080, 'trip_search_key': 'MLA:41822404:594:64:3', 'wheelchair_accessible': 0}, {'departure_time': 1685690880, 'is_cancelled': False, 'is_real_time': False, 'rt_trip_id': '10602000062428-DEC22', 'scheduled_departure_time': 1685690880, 'trip_search_key': 'MLA:41822404:594:65:0', 'wheelchair_accessible': 0}]}]",Bus,602-13167,e16710,Westwood - Pacific Palisades via Sunset Bl,Metro|Los Angeles,Metro,602,ffffff,3,602,Westwood - Pacific Palisades via Sunset Bl,Metro  6 O 2 ,2023-06-01 17:46:31.897062
0,MLA:114798,"[{'branch_code': '', 'direction_headsign': 'Sunset - Pacific Coast Highway', 'direction_id': 1, 'headsign': 'Sunset - Church', 'merged_headsign': 'Sunset - Church', 'schedule_items': [{'departure_time': 1685687400, 'is_cancelled': False, 'is_real_time': False, 'rt_trip_id': '10602000062330-DEC22', 'scheduled_departure_time': 1685687400, 'trip_search_key': 'MLA:41822404:594:64:2', 'wheelchair_accessible': 0}, {'departure_time': 1685689080, 'is_cancelled': False, 'is_real_time': False, 'rt_trip_id': '10602000062358-DEC22', 'scheduled_departure_time': 1685689080, 'trip_search_key': 'MLA:41822404:594:64:3', 'wheelchair_accessible': 0}, {'departure_time': 1685690880, 'is_cancelled': False, 'is_real_time': False, 'rt_trip_id': '10602000062428-DEC22', 'scheduled_departure_time': 1685690880, 'trip_search_key': 'MLA:41822404:594:65:0', 'wheelchair_accessible': 0}]}]",Bus,602-13167,e16710,Westwood - Pacific Palisades via Sunset Bl,Metro|Los Angeles,Metro,602,ffffff,3,602,Westwood - Pacific Palisades via Sunset Bl,Metro  6 O 2 ,2023-06-01 17:57:03.663743
0,MLA:114798,"[{'branch_code': '', 'direction_headsign': 'Sunset - Pacific Coast Highway', 'direction_id': 1, 'headsign': 'Sunset - Church', 'merged_headsign': 'Sunset - Church', 'schedule_items': [{'departure_time': 1685687400, 'is_cancelled': False, 'is_real_time': False, 'rt_trip_id': '10602000062330-DEC22', 'scheduled_departure_time': 1685687400, 'trip_search_key': 'MLA:41822404:594:64:2', 'wheelchair_accessible': 0}, {'departure_time': 1685689080, 'is_cancelled': False, 'is_real_time': False, 'rt_trip_id': '10602000062358-DEC22', 'scheduled_departure_time': 1685689080, 'trip_search_key': 'MLA:41822404:594:64:3', 'wheelchair_accessible': 0}, {'departure_time': 1685690880, 'is_cancelled': False, 'is_real_time': False, 'rt_trip_id': '10602000062428-DEC22', 'scheduled_departure_time': 1685690880, 'trip_search_key': 'MLA:41822404:594:65:0', 'wheelchair_accessible': 0}]}]",Bus,602-13167,e16710,Westwood - Pacific Palisades via Sunset Bl,Metro|Los Angeles,Metro,602,ffffff,3,602,Westwood - Pacific Palisades via Sunset Bl,Metro  6 O 2 ,2023-06-01 18:07:35.383338
0,MLA:114798,"[{'branch_code': '', 'direction_headsign': 'Sunset - Pacific Coast Highway', 'direction_id': 1, 'headsign': 'Sunset - Church', 'merged_headsign': 'Sunset - Church', 'schedule_items': [{'departure_time': 1685687400, 'is_cancelled': False, 'is_real_time': False, 'rt_trip_id': '10602000062330-DEC22', 'scheduled_departure_time': 1685687400, 'trip_search_key': 'MLA:41822404:594:64:2', 'wheelchair_accessible': 0}, {'departure_time': 1685689080, 'is_cancelled': False, 'is_real_time': False, 'rt_trip_id': '10602000062358-DEC22', 'scheduled_departure_time': 1685689080, 'trip_search_key': 'MLA:41822404:594:64:3', 'wheelchair_accessible': 0}, {'departure_time': 1685690880, 'is_cancelled': False, 'is_real_time': False, 'rt_trip_id': '10602000062428-DEC22', 'scheduled_departure_time': 1685690880, 'trip_search_key': 'MLA:41822404:594:65:0', 'wheelchair_accessible': 0}]}]",Bus,602-13167,e16710,Westwood - Pacific Palisades via Sunset Bl,Metro|Los Angeles,Metro,602,ffffff,3,602,Westwood - Pacific Palisades via Sunset Bl,Metro  6 O 2 ,2023-06-01 18:18:07.239395
0,MLA:114798,"[{'branch_code': '', 'direction_headsign': 'Sunset - Pacific Coast Highway', 'direction_id': 1, 'headsign': 'Sunset - Church', 'merged_headsign': 'Sunset - Church', 'schedule_items': [{'departure_time': 1685687400, 'is_cancelled': False, 'is_real_time': False, 'rt_trip_id': '10602000062330-DEC22', 'scheduled_departure_time': 1685687400, 'trip_search_key': 'MLA:41822404:594:64:2', 'wheelchair_accessible': 0}, {'departure_time': 1685689080, 'is_cancelled': False, 'is_real_time': False, 'rt_trip_id': '10602000062358-DEC22', 'scheduled_departure_time': 1685689080, 'trip_search_key': 'MLA:41822404:594:64:3', 'wheelchair_accessible': 0}, {'departure_time': 1685690880, 'is_cancelled': False, 'is_real_time': False, 'rt_trip_id': '10602000062428-DEC22', 'scheduled_departure_time': 1685690880, 'trip_search_key': 'MLA:41822404:594:65:0', 'wheelchair_accessible': 0}]}]",Bus,602-13167,e16710,Westwood - Pacific Palisades via Sunset Bl,Metro|Los Angeles,Metro,602,ffffff,3,602,Westwood - Pacific Palisades via Sunset Bl,Metro  6 O 2 ,2023-06-01 18:28:39.027939
0,MLA:114798,"[{'branch_code': '', 'direction_headsign': 'Sunset - Pacific Coast Highway', 'direction_id': 1, 'headsign': 'Sunset - Church', 'merged_headsign': 'Sunset - Church', 'schedule_items': [{'departure_time': 1685687400, 'is_cancelled': False, 'is_real_time': False, 'rt_trip_id': '10602000062330-DEC22', 'scheduled_departure_time': 1685687400, 'trip_search_key': 'MLA:41822404:594:64:2', 'wheelchair_accessible': 0}, {'departure_time': 1685689080, 'is_cancelled': False, 'is_real_time': False, 'rt_trip_id': '10602000062358-DEC22', 'scheduled_departure_time': 1685689080, 'trip_search_key': 'MLA:41822404:594:64:3', 'wheelchair_accessible': 0}, {'departure_time': 1685690880, 'is_cancelled': False, 'is_real_time': False, 'rt_trip_id': '10602000062428-DEC22', 'scheduled_departure_time': 1685690880, 'trip_search_key': 'MLA:41822404:594:65:0', 'wheelchair_accessible': 0}]}]",Bus,602-13167,e16710,Westwood - Pacific Palisades via Sunset Bl,Metro|Los Angeles,Metro,602,ffffff,3,602,Westwood - Pacific Palisades via Sunset Bl,Metro  6 O 2 ,2023-06-01 18:39:10.709268
0,MLA:114798,"[{'branch_code': '', 'direction_headsign': 'Sunset - Pacific Coast Highway', 'direction_id': 1, 'headsign': 'Sunset - Church', 'merged_headsign': 'Sunset - Church', 'schedule_items': [{'departure_time': 1685687400, 'is_cancelled': False, 'is_real_time': False, 'rt_trip_id': '10602000062330-DEC22', 'scheduled_departure_time': 1685687400, 'trip_search_key': 'MLA:41822404:594:64:2', 'wheelchair_accessible': 0}, {'departure_time': 1685689080, 'is_cancelled': False, 'is_real_time': False, 'rt_trip_id': '10602000062358-DEC22', 'scheduled_departure_time': 1685689080, 'trip_search_key': 'MLA:41822404:594:64:3', 'wheelchair_accessible': 0}, {'departure_time': 1685690880, 'is_cancelled': False, 'is_real_time': False, 'rt_trip_id': '10602000062428-DEC22', 'scheduled_departure_time': 1685690880, 'trip_search_key': 'MLA:41822404:594:65:0', 'wheelchair_accessible': 0}]}]",Bus,602-13167,e16710,Westwood - Pacific Palisades via Sunset Bl,Metro|Los Angeles,Metro,602,ffffff,3,602,Westwood - Pacific Palisades via Sunset Bl,Metro  6 O 2 ,2023-06-01 18:49:42.483864
0,MLA:114798,"[{'branch_code': '', 'direction_headsign': 'Sunset - Pacific Coast Highway', 'direction_id': 1, 'headsign': 'Sunset - Church', 'merged_headsign': 'Sunset - Church', 'schedule_items': [{'departure_time': 1685687400, 'is_cancelled': False, 'is_real_time': False, 'rt_trip_id': '10602000062330-DEC22', 'scheduled_departure_time': 1685687400, 'trip_search_key': 'MLA:41822404:594:64:2', 'wheelchair_accessible': 0}, {'departure_time': 1685689080, 'is_cancelled': False, 'is_real_time': False, 'rt_trip_id': '10602000062358-DEC22', 'scheduled_departure_time': 1685689080, 'trip_search_key': 'MLA:41822404:594:64:3', 'wheelchair_accessible': 0}, {'departure_time': 1685690880, 'is_cancelled': False, 'is_real_time': False, 'rt_trip_id': '10602000062428-DEC22', 'scheduled_departure_time': 1685690880, 'trip_search_key': 'MLA:41822404:594:65:0', 'wheelchair_accessible': 0}]}]",Bus,602-13167,e16710,Westwood - Pacific Palisades via Sunset Bl,Metro|Los Angeles,Metro,602,ffffff,3,602,Westwood - Pacific Palisades via Sunset Bl,Metro  6 O 2 ,2023-06-01 19:00:14.356685
0,MLA:114798,"[{'branch_code': '', 'direction_headsign': 'Sunset - Pacific Coast Highway', 'direction_id': 1, 'headsign': 'Sunset - Church', 'merged_headsign': 'Sunset - Church', 'schedule_items': [{'departure_time': 1685687400, 'is_cancelled': False, 'is_real_time': False, 'rt_trip_id': '10602000062330-DEC22', 'scheduled_departure_time': 1685687400, 'trip_search_key': 'MLA:41822404:594:64:2', 'wheelchair_accessible': 0}, {'departure_time': 1685689080, 'is_cancelled': False, 'is_real_time': False, 'rt_trip_id': '10602000062358-DEC22', 'scheduled_departure_time': 1685689080, 'trip_search_key': 'MLA:41822404:594:64:3', 'wheelchair_accessible': 0}, {'departure_time': 1685690880, 'is_cancelled': False, 'is_real_time': False, 'rt_trip_id': '10602000062428-DEC22', 'scheduled_departure_time': 1685690880, 'trip_search_key': 'MLA:41822404:594:65:0', 'wheelchair_accessible': 0}]}]",Bus,602-13167,e16710,Westwood - Pacific Palisades via Sunset Bl,Metro|Los Angeles,Metro,602,ffffff,3,602,Westwood - Pacific Palisades via Sunset Bl,Metro  6 O 2 ,2023-06-01 19:10:46.088349
0,MLA:114798,"[{'branch_code': '', 'direction_headsign': 'Sunset - Pacific Coast Highway', 'direction_id': 1, 'headsign': 'Sunset - Church', 'merged_headsign': 'Sunset - Church', 'schedule_items': [{'departure_time': 1685687400, 'is_cancelled': False, 'is_real_time': False, 'rt_trip_id': '10602000062330-DEC22', 'scheduled_departure_time': 1685687400, 'trip_search_key': 'MLA:41822404:594:64:2', 'wheelchair_accessible': 0}, {'departure_time': 1685689080, 'is_cancelled': False, 'is_real_time': False, 'rt_trip_id': '10602000062358-DEC22', 'scheduled_departure_time': 1685689080, 'trip_search_key': 'MLA:41822404:594:64:3', 'wheelchair_accessible': 0}, {'departure_time': 1685690880, 'is_cancelled': False, 'is_real_time': False, 'rt_trip_id': '10602000062428-DEC22', 'scheduled_departure_time': 1685690880, 'trip_search_key': 'MLA:41822404:594:65:0', 'wheelchair_accessible': 0}]}]",Bus,602-13167,e16710,Westwood - Pacific Palisades via Sunset Bl,Metro|Los Angeles,Metro,602,ffffff,3,602,Westwood - Pacific Palisades via Sunset Bl,Metro  6 O 2 ,2023-06-01 19:21:17.904177
0,MLA:114798,"[{'branch_code': '', 'direction_headsign': 'Sunset - Pacific Coast Highway', 'direction_id': 1, 'headsign': 'Sunset - Church', 'merged_headsign': 'Sunset - Church', 'schedule_items': [{'departure_time': 1685687400, 'is_cancelled': False, 'is_real_time': False, 'rt_trip_id': '10602000062330-DEC22', 'scheduled_departure_time': 1685687400, 'trip_search_key': 'MLA:41822404:594:64:2', 'wheelchair_accessible': 0}, {'departure_time': 1685689080, 'is_cancelled': False, 'is_real_time': False, 'rt_trip_id': '10602000062358-DEC22', 'scheduled_departure_time': 1685689080, 'trip_search_key': 'MLA:41822404:594:64:3', 'wheelchair_accessible': 0}, {'departure_time': 1685690880, 'is_cancelled': False, 'is_real_time': False, 'rt_trip_id': '10602000062428-DEC22', 'scheduled_departure_time': 1685690880, 'trip_search_key': 'MLA:41822404:594:65:0', 'wheelchair_accessible': 0}]}]",Bus,602-13167,e16710,Westwood - Pacific Palisades via Sunset Bl,Metro|Los Angeles,Metro,602,ffffff,3,602,Westwood - Pacific Palisades via Sunset Bl,Metro  6 O 2 ,2023-06-01 19:31:49.730970
0,MLA:114798,"[{'branch_code': '', 'direction_headsign': 'Sunset - Pacific Coast Highway', 'direction_id': 1, 'headsign': 'Sunset - Church', 'merged_headsign': 'Sunset - Church', 'schedule_items': [{'departure_time': 1685687400, 'is_cancelled': False, 'is_real_time': False, 'rt_trip_id': '10602000062330-DEC22', 'scheduled_departure_time': 1685687400, 'trip_search_key': 'MLA:41822404:594:64:2', 'wheelchair_accessible': 0}, {'departure_time': 1685689080, 'is_cancelled': False, 'is_real_time': False, 'rt_trip_id': '10602000062358-DEC22', 'scheduled_departure_time': 1685689080, 'trip_search_key': 'MLA:41822404:594:64:3', 'wheelchair_accessible': 0}, {'departure_time': 1685690880, 'is_cancelled': False, 'is_real_time': False, 'rt_trip_id': '10602000062428-DEC22', 'scheduled_departure_time': 1685690880, 'trip_search_key': 'MLA:41822404:594:65:0', 'wheelchair_accessible': 0}]}]",Bus,602-13167,e16710,Westwood - Pacific Palisades via Sunset Bl,Metro|Los Angeles,Metro,602,ffffff,3,602,Westwood - Pacific Palisades via Sunset Bl,Metro  6 O 2 ,2023-06-01 19:42:21.554221
0,MLA:114798,"[{'branch_code': '', 'direction_headsign': 'Sunset - Pacific Coast Highway', 'direction_id': 1, 'headsign': 'Sunset - Church', 'merged_headsign': 'Sunset - Church', 'schedule_items': [{'departure_time': 1685687400, 'is_cancelled': False, 'is_real_time': False, 'rt_trip_id': '10602000062330-DEC22', 'scheduled_departure_time': 1685687400, 'trip_search_key': 'MLA:41822404:594:64:2', 'wheelchair_accessible': 0}, {'departure_time': 1685689080, 'is_cancelled': False, 'is_real_time': False, 'rt_trip_id': '10602000062358-DEC22', 'scheduled_departure_time': 1685689080, 'trip_search_key': 'MLA:41822404:594:64:3', 'wheelchair_accessible': 0}, {'departure_time': 1685690880, 'is_cancelled': False, 'is_real_time': False, 'rt_trip_id': '10602000062428-DEC22', 'scheduled_departure_time': 1685690880, 'trip_search_key': 'MLA:41822404:594:65:0', 'wheelchair_accessible': 0}]}]",Bus,602-13167,e16710,Westwood - Pacific Palisades via Sunset Bl,Metro|Los Angeles,Metro,602,ffffff,3,602,Westwood - Pacific Palisades via Sunset Bl,Metro  6 O 2 ,2023-06-01 19:52:53.391830
0,MLA:114798,"[{'branch_code': '', 'direction_headsign': 'Sunset - Pacific Coast Highway', 'direction_id': 1, 'headsign': 'Sunset - Church', 'merged_headsign': 'Sunset - Church', 'schedule_items': [{'departure_time': 1685687400, 'is_cancelled': False, 'is_real_time': False, 'rt_trip_id': '10602000062330-DEC22', 'scheduled_departure_time': 1685687400, 'trip_search_key': 'MLA:41822404:594:64:2', 'wheelchair_accessible': 0}, {'departure_time': 1685689080, 'is_cancelled': False, 'is_real_time': False, 'rt_trip_id': '10602000062358-DEC22', 'scheduled_departure_time': 1685689080, 'trip_search_key': 'MLA:41822404:594:64:3', 'wheelchair_accessible': 0}, {'departure_time': 1685690880, 'is_cancelled': False, 'is_real_time': False, 'rt_trip_id': '10602000062428-DEC22', 'scheduled_departure_time': 1685690880, 'trip_search_key': 'MLA:41822404:594:65:0', 'wheelchair_accessible': 0}]}]",Bus,602-13167,e16710,Westwood - Pacific Palisades via Sunset Bl,Metro|Los Angeles,Metro,602,ffffff,3,602,Westwood - Pacific Palisades via Sunset Bl,Metro  6 O 2 ,2023-06-01 20:03:25.199836
0,MLA:114798,"[{'branch_code': '', 'direction_headsign': 'Sunset - Pacific Coast Highway', 'direction_id': 1, 'headsign': 'Sunset - Church', 'merged_headsign': 'Sunset - Church', 'schedule_items': [{'departure_time': 1685687400, 'is_cancelled': False, 'is_real_time': False, 'rt_trip_id': '10602000062330-DEC22', 'scheduled_departure_time': 1685687400, 'trip_search_key': 'MLA:41822404:594:64:2', 'wheelchair_accessible': 0}, {'departure_time': 1685689080, 'is_cancelled': False, 'is_real_time': False, 'rt_trip_id': '10602000062358-DEC22', 'scheduled_departure_time': 1685689080, 'trip_search_key': 'MLA:41822404:594:64:3', 'wheelchair_accessible': 0}, {'departure_time': 1685690880, 'is_cancelled': False, 'is_real_time': False, 'rt_trip_id': '10602000062428-DEC22', 'scheduled_departure_time': 1685690880, 'trip_search_key': 'MLA:41822404:594:65:0', 'wheelchair_accessible': 0}]}]",Bus,602-13167,e16710,Westwood - Pacific Palisades via Sunset Bl,Metro|Los Angeles,Metro,602,ffffff,3,602,Westwood - Pacific Palisades via Sunset Bl,Metro  6 O 2 ,2023-06-01 20:13:57.036982
0,MLA:114798,"[{'branch_code': '', 'direction_headsign': 'Sunset - Pacific Coast Highway', 'direction_id': 1, 'headsign': 'Sunset - Church', 'merged_headsign': 'Sunset - Church', 'schedule_items': [{'departure_time': 1685687400, 'is_cancelled': False, 'is_real_time': False, 'rt_trip_id': '10602000062330-DEC22', 'scheduled_departure_time': 1685687400, 'trip_search_key': 'MLA:41822404:594:64:2', 'wheelchair_accessible': 0}, {'departure_time': 1685689080, 'is_cancelled': False, 'is_real_time': False, 'rt_trip_id': '10602000062358-DEC22', 'scheduled_departure_time': 1685689080, 'trip_search_key': 'MLA:41822404:594:64:3', 'wheelchair_accessible': 0}, {'departure_time': 1685690880, 'is_cancelled': False, 'is_real_time': False, 'rt_trip_id': '10602000062428-DEC22', 'scheduled_departure_time': 1685690880, 'trip_search_key': 'MLA:41822404:594:65:0', 'wheelchair_accessible': 0}]}]",Bus,602-13167,e16710,Westwood - Pacific Palisades via Sunset Bl,Metro|Los Angeles,Metro,602,ffffff,3,602,Westwood - Pacific Palisades via Sunset Bl,Metro  6 O 2 ,2023-06-01 20:24:28.849339
0,MLA:114798,"[{'branch_code': '', 'direction_headsign': 'Sunset - Pacific Coast Highway', 'direction_id': 1, 'headsign': 'Sunset - Church', 'merged_headsign': 'Sunset - Church', 'schedule_items': [{'departure_time': 1685687400, 'is_cancelled': False, 'is_real_time': False, 'rt_trip_id': '10602000062330-DEC22', 'scheduled_departure_time': 1685687400, 'trip_search_key': 'MLA:41822404:594:64:2', 'wheelchair_accessible': 0}, {'departure_time': 1685689080, 'is_cancelled': False, 'is_real_time': False, 'rt_trip_id': '10602000062358-DEC22', 'scheduled_departure_time': 1685689080, 'trip_search_key': 'MLA:41822404:594:64:3', 'wheelchair_accessible': 0}, {'departure_time': 1685690880, 'is_cancelled': False, 'is_real_time': False, 'rt_trip_id': '10602000062428-DEC22', 'scheduled_departure_time': 1685690880, 'trip_search_key': 'MLA:41822404:594:65:0', 'wheelchair_accessible': 0}]}]",Bus,602-13167,e16710,Westwood - Pacific Palisades via Sunset Bl,Metro|Los Angeles,Metro,602,ffffff,3,602,Westwood - Pacific Palisades via Sunset Bl,Metro  6 O 2 ,2023-06-01 20:35:00.812251
0,MLA:114798,"[{'branch_code': '', 'direction_headsign': 'Sunset - Pacific Coast Highway', 'direction_id': 1, 'headsign': 'Sunset - Church', 'merged_headsign': 'Sunset - Church', 'schedule_items': [{'departure_time': 1685687400, 'is_cancelled': False, 'is_real_time': False, 'rt_trip_id': '10602000062330-DEC22', 'scheduled_departure_time': 1685687400, 'trip_search_key': 'MLA:41822404:594:64:2', 'wheelchair_accessible': 0}, {'departure_time': 1685689080, 'is_cancelled': False, 'is_real_time': False, 'rt_trip_id': '10602000062358-DEC22', 'scheduled_departure_time': 1685689080, 'trip_search_key': 'MLA:41822404:594:64:3', 'wheelchair_accessible': 0}, {'departure_time': 1685690880, 'is_cancelled': False, 'is_real_time': False, 'rt_trip_id': '10602000062428-DEC22', 'scheduled_departure_time': 1685690880, 'trip_search_key': 'MLA:41822404:594:65:0', 'wheelchair_accessible': 0}]}]",Bus,602-13167,e16710,Westwood - Pacific Palisades via Sunset Bl,Metro|Los Angeles,Metro,602,ffffff,3,602,Westwood - Pacific Palisades via Sunset Bl,Metro  6 O 2 ,2023-06-01 20:45:32.692137
0,MLA:114798,"[{'branch_code': '', 'direction_headsign': 'Sunset - Pacific Coast Highway', 'direction_id': 1, 'headsign': 'Sunset - Church', 'merged_headsign': 'Sunset - Church', 'schedule_items': [{'departure_time': 1685687400, 'is_cancelled': False, 'is_real_time': False, 'rt_trip_id': '10602000062330-DEC22', 'scheduled_departure_time': 1685687400, 'trip_search_key': 'MLA:41822404:594:64:2', 'wheelchair_accessible': 0}, {'departure_time': 1685689080, 'is_cancelled': False, 'is_real_time': False, 'rt_trip_id': '10602000062358-DEC22', 'scheduled_departure_time': 1685689080, 'trip_search_key': 'MLA:41822404:594:64:3', 'wheelchair_accessible': 0}, {'departure_time': 1685690880, 'is_cancelled': False, 'is_real_time': False, 'rt_trip_id': '10602000062428-DEC22', 'scheduled_departure_time': 1685690880, 'trip_search_key': 'MLA:41822404:594:65:0', 'wheelchair_accessible': 0}]}]",Bus,602-13167,e16710,Westwood - Pacific Palisades via Sunset Bl,Metro|Los Angeles,Metro,602,ffffff,3,602,Westwood - Pacific Palisades via Sunset Bl,Metro  6 O 2 ,2023-06-01 20:56:04.309858
0,MLA:114798,"[{'branch_code': '', 'direction_headsign': 'Sunset - Pacific Coast Highway', 'direction_id': 1, 'headsign': 'Sunset - Church', 'merged_headsign': 'Sunset - Church', 'schedule_items': [{'departure_time': 1685687400, 'is_cancelled': False, 'is_real_time': False, 'rt_trip_id': '10602000062330-DEC22', 'scheduled_departure_time': 1685687400, 'trip_search_key': 'MLA:41822404:594:64:2', 'wheelchair_accessible': 0}, {'departure_time': 1685689080, 'is_cancelled': False, 'is_real_time': False, 'rt_trip_id': '10602000062358-DEC22', 'scheduled_departure_time': 1685689080, 'trip_search_key': 'MLA:41822404:594:64:3', 'wheelchair_accessible': 0}, {'departure_time': 1685690880, 'is_cancelled': False, 'is_real_time': False, 'rt_trip_id': '10602000062428-DEC22', 'scheduled_departure_time': 1685690880, 'trip_search_key': 'MLA:41822404:594:65:0', 'wheelchair_accessible': 0}]}]",Bus,602-13167,e16710,Westwood - Pacific Palisades via Sunset Bl,Metro|Los Angeles,Metro,602,ffffff,3,602,Westwood - Pacific Palisades via Sunset Bl,Metro  6 O 2 ,2023-06-01 21:06:36.163905
0,MLA:114798,"[{'branch_code': '', 'direction_headsign': 'Sunset - Pacific Coast Highway', 'direction_id': 1, 'headsign': 'Sunset - Church', 'merged_headsign': 'Sunset - Church', 'schedule_items': [{'departure_time': 1685687400, 'is_cancelled': False, 'is_real_time': False, 'rt_trip_id': '10602000062330-DEC22', 'scheduled_departure_time': 1685687400, 'trip_search_key': 'MLA:41822404:594:64:2', 'wheelchair_accessible': 0}, {'departure_time': 1685689080, 'is_cancelled': False, 'is_real_time': False, 'rt_trip_id': '10602000062358-DEC22', 'scheduled_departure_time': 1685689080, 'trip_search_key': 'MLA:41822404:594:64:3', 'wheelchair_accessible': 0}, {'departure_time': 1685690880, 'is_cancelled': False, 'is_real_time': False, 'rt_trip_id': '10602000062428-DEC22', 'scheduled_departure_time': 1685690880, 'trip_search_key': 'MLA:41822404:594:65:0', 'wheelchair_accessible': 0}]}]",Bus,602-13167,e16710,Westwood - Pacific Palisades via Sunset Bl,Metro|Los Angeles,Metro,602,ffffff,3,602,Westwood - Pacific Palisades via Sunset Bl,Metro  6 O 2 ,2023-06-01 21:17:08.136981
0,MLA:114798,"[{'branch_code': '', 'direction_headsign': 'Sunset - Pacific Coast Highway', 'direction_id': 1, 'headsign': 'Sunset - Church', 'merged_headsign': 'Sunset - Church', 'schedule_items': [{'departure_time': 1685687400, 'is_cancelled': False, 'is_real_time': False, 'rt_trip_id': '10602000062330-DEC22', 'scheduled_departure_time': 1685687400, 'trip_search_key': 'MLA:41822404:594:64:2', 'wheelchair_accessible': 0}, {'departure_time': 1685689080, 'is_cancelled': False, 'is_real_time': False, 'rt_trip_id': '10602000062358-DEC22', 'scheduled_departure_time': 1685689080, 'trip_search_key': 'MLA:41822404:594:64:3', 'wheelchair_accessible': 0}, {'departure_time': 1685690880, 'is_cancelled': False, 'is_real_time': False, 'rt_trip_id': '10602000062428-DEC22', 'scheduled_departure_time': 1685690880, 'trip_search_key': 'MLA:41822404:594:65:0', 'wheelchair_accessible': 0}]}]",Bus,602-13167,e16710,Westwood - Pacific Palisades via Sunset Bl,Metro|Los Angeles,Metro,602,ffffff,3,602,Westwood - Pacific Palisades via Sunset Bl,Metro  6 O 2 ,2023-06-01 21:27:40.006977
0,MLA:114798,"[{'branch_code': '', 'direction_headsign': 'Sunset - Pacific Coast Highway', 'direction_id': 1, 'headsign': 'Sunset - Church', 'merged_headsign': 'Sunset - Church', 'schedule_items': [{'departure_time': 1685687400, 'is_cancelled': False, 'is_real_time': False, 'rt_trip_id': '10602000062330-DEC22', 'scheduled_departure_time': 1685687400, 'trip_search_key': 'MLA:41822404:594:64:2', 'wheelchair_accessible': 0}, {'departure_time': 1685689080, 'is_cancelled': False, 'is_real_time': False, 'rt_trip_id': '10602000062358-DEC22', 'scheduled_departure_time': 1685689080, 'trip_search_key': 'MLA:41822404:594:64:3', 'wheelchair_accessible': 0}, {'departure_time': 1685690880, 'is_cancelled': False, 'is_real_time': False, 'rt_trip_id': '10602000062428-DEC22', 'scheduled_departure_time': 1685690880, 'trip_search_key': 'MLA:41822404:594:65:0', 'wheelchair_accessible': 0}]}]",Bus,602-13167,e16710,Westwood - Pacific Palisades via Sunset Bl,Metro|Los Angeles,Metro,602,ffffff,3,602,Westwood - Pacific Palisades via Sunset Bl,Metro  6 O 2 ,2023-06-01 21:38:11.790114
0,MLA:114798,"[{'branch_code': '', 'direction_headsign': 'Sunset - Pacific Coast Highway', 'direction_id': 1, 'headsign': 'Sunset - Church', 'merged_headsign': 'Sunset - Church', 'schedule_items': [{'departure_time': 1685687400, 'is_cancelled': False, 'is_real_time': False, 'rt_trip_id': '10602000062330-DEC22', 'scheduled_departure_time': 1685687400, 'trip_search_key': 'MLA:41822404:594:64:2', 'wheelchair_accessible': 0}, {'departure_time': 1685689080, 'is_cancelled': False, 'is_real_time': False, 'rt_trip_id': '10602000062358-DEC22', 'scheduled_departure_time': 1685689080, 'trip_search_key': 'MLA:41822404:594:64:3', 'wheelchair_accessible': 0}, {'departure_time': 1685690880, 'is_cancelled': False, 'is_real_time': False, 'rt_trip_id': '10602000062428-DEC22', 'scheduled_departure_time': 1685690880, 'trip_search_key': 'MLA:41822404:594:65:0', 'wheelchair_accessible': 0}]}]",Bus,602-13167,e16710,Westwood - Pacific Palisades via Sunset Bl,Metro|Los Angeles,Metro,602,ffffff,3,602,Westwood - Pacific Palisades via Sunset Bl,Metro  6 O 2 ,2023-06-01 21:48:43.602750
0,MLA:114798,"[{'branch_code': '', 'direction_headsign': 'Sunset - Pacific Coast Highway', 'direction_id': 1, 'headsign': 'Sunset - Church', 'merged_headsign': 'Sunset - Church', 'schedule_items': [{'departure_time': 1685687400, 'is_cancelled': False, 'is_real_time': False, 'rt_trip_id': '10602000062330-DEC22', 'scheduled_departure_time': 1685687400, 'trip_search_key': 'MLA:41822404:594:64:2', 'wheelchair_accessible': 0}, {'departure_time': 1685689080, 'is_cancelled': False, 'is_real_time': False, 'rt_trip_id': '10602000062358-DEC22', 'scheduled_departure_time': 1685689080, 'trip_search_key': 'MLA:41822404:594:64:3', 'wheelchair_accessible': 0}, {'departure_time': 1685690880, 'is_cancelled': False, 'is_real_time': False, 'rt_trip_id': '10602000062428-DEC22', 'scheduled_departure_time': 1685690880, 'trip_search_key': 'MLA:41822404:594:65:0', 'wheelchair_accessible': 0}]}]",Bus,602-13167,e16710,Westwood - Pacific Palisades via Sunset Bl,Metro|Los Angeles,Metro,602,ffffff,3,602,Westwood - Pacific Palisades via Sunset Bl,Metro  6 O 2 ,2023-06-01 21:59:15.431371
